<annotation>
  <folder>input</folder>
  <filename>002_0027.png</filename>
  <path>C:\Users\Casper\Downloads\OpenLabeling-master\OpenLabeling-master\main\input\002_0027.png</path>
  <source>
    <database>Unknown</database>
  </source>
  <size>
    <width>142</width>
    <height>125</height>
    <depth>3</depth>
  </size>
  <segmented>0</segmented>
  <object>
    <name>max_hiz_30</name>
    <pose>Unspecified</pose>
    <truncated>0</truncated>
    <difficult>0</difficult>
    <bndbox>
      <xmin>10</xmin>
      <ymin>16</ymin>
      <xmax>117</xmax>
      <ymax>118</ymax>
    </bndbox>
  </object>
</annotation>
