<annotation>
  <folder>input</folder>
  <filename>002_0007_j.png</filename>
  <path>C:\Users\Casper\Downloads\OpenLabeling-master\OpenLabeling-master\main\input\002_0007_j.png</path>
  <source>
    <database>Unknown</database>
  </source>
  <size>
    <width>91</width>
    <height>90</height>
    <depth>3</depth>
  </size>
  <segmented>0</segmented>
  <object>
    <name>max_hiz_30</name>
    <pose>Unspecified</pose>
    <truncated>0</truncated>
    <difficult>0</difficult>
    <bndbox>
      <xmin>10</xmin>
      <ymin>10</ymin>
      <xmax>77</xmax>
      <ymax>72</ymax>
    </bndbox>
  </object>
</annotation>
