<annotation>
  <folder>input</folder>
  <filename>dur_11.jpg</filename>
  <path>C:\Users\Casper\Downloads\OpenLabeling-master\OpenLabeling-master\main\input\dur_11.jpg</path>
  <source>
    <database>Unknown</database>
  </source>
  <size>
    <width>1280</width>
    <height>720</height>
    <depth>3</depth>
  </size>
  <segmented>0</segmented>
  <object>
    <name>max_hiz_30</name>
    <pose>Unspecified</pose>
    <truncated>0</truncated>
    <difficult>0</difficult>
    <bndbox>
      <xmin>669</xmin>
      <ymin>261</ymin>
      <xmax>836</xmax>
      <ymax>486</ymax>
    </bndbox>
  </object>
  <object>
    <name>arac_dur_isareti</name>
    <pose>Unspecified</pose>
    <truncated>0</truncated>
    <difficult>0</difficult>
    <bndbox>
      <xmin>721</xmin>
      <ymin>322</ymin>
      <xmax>831</xmax>
      <ymax>472</ymax>
    </bndbox>
  </object>
</annotation>
