<annotation>
  <folder>input</folder>
  <filename>dur_211.jpg</filename>
  <path>C:\Users\Casper\Downloads\OpenLabeling-master\OpenLabeling-master\main\input\dur_211.jpg</path>
  <source>
    <database>Unknown</database>
  </source>
  <size>
    <width>1280</width>
    <height>720</height>
    <depth>3</depth>
  </size>
  <segmented>0</segmented>
  <object>
    <name>arac_dur_isareti</name>
    <pose>Unspecified</pose>
    <truncated>0</truncated>
    <difficult>0</difficult>
    <bndbox>
      <xmin>722</xmin>
      <ymin>114</ymin>
      <xmax>844</xmax>
      <ymax>315</ymax>
    </bndbox>
  </object>
</annotation>
