<annotation>
  <folder>input</folder>
  <filename>dur_10.jpg</filename>
  <path>C:\Users\Casper\Downloads\OpenLabeling-master\OpenLabeling-master\main\input\dur_10.jpg</path>
  <source>
    <database>Unknown</database>
  </source>
  <size>
    <width>1280</width>
    <height>720</height>
    <depth>3</depth>
  </size>
  <segmented>0</segmented>
  <object>
    <name>max_hiz_30</name>
    <pose>Unspecified</pose>
    <truncated>0</truncated>
    <difficult>0</difficult>
    <bndbox>
      <xmin>677</xmin>
      <ymin>278</ymin>
      <xmax>850</xmax>
      <ymax>493</ymax>
    </bndbox>
  </object>
  <object>
    <name>arac_dur_isareti</name>
    <pose>Unspecified</pose>
    <truncated>0</truncated>
    <difficult>0</difficult>
    <bndbox>
      <xmin>714</xmin>
      <ymin>322</ymin>
      <xmax>829</xmax>
      <ymax>487</ymax>
    </bndbox>
  </object>
</annotation>
