<annotation>
  <folder>input</folder>
  <filename>dur_43.jpg</filename>
  <path>C:\Users\Casper\Downloads\OpenLabeling-master\OpenLabeling-master\main\input\dur_43.jpg</path>
  <source>
    <database>Unknown</database>
  </source>
  <size>
    <width>1275</width>
    <height>720</height>
    <depth>3</depth>
  </size>
  <segmented>0</segmented>
  <object>
    <name>arac_dur_isareti</name>
    <pose>Unspecified</pose>
    <truncated>0</truncated>
    <difficult>0</difficult>
    <bndbox>
      <xmin>347</xmin>
      <ymin>85</ymin>
      <xmax>538</xmax>
      <ymax>346</ymax>
    </bndbox>
  </object>
</annotation>
