<annotation>
  <folder>input</folder>
  <filename>dur_40.jpg</filename>
  <path>C:\Users\Casper\Downloads\OpenLabeling-master\OpenLabeling-master\main\input\dur_40.jpg</path>
  <source>
    <database>Unknown</database>
  </source>
  <size>
    <width>1280</width>
    <height>720</height>
    <depth>3</depth>
  </size>
  <segmented>0</segmented>
  <object>
    <name>arac_dur_isareti</name>
    <pose>Unspecified</pose>
    <truncated>0</truncated>
    <difficult>0</difficult>
    <bndbox>
      <xmin>776</xmin>
      <ymin>232</ymin>
      <xmax>947</xmax>
      <ymax>584</ymax>
    </bndbox>
  </object>
</annotation>
