<annotation>
  <folder>input</folder>
  <filename>dur_422.jpg</filename>
  <path>C:\Users\Casper\Downloads\OpenLabeling-master\OpenLabeling-master\main\input\dur_422.jpg</path>
  <source>
    <database>Unknown</database>
  </source>
  <size>
    <width>612</width>
    <height>816</height>
    <depth>3</depth>
  </size>
  <segmented>0</segmented>
  <object>
    <name>arac_dur_isareti</name>
    <pose>Unspecified</pose>
    <truncated>0</truncated>
    <difficult>0</difficult>
    <bndbox>
      <xmin>121</xmin>
      <ymin>36</ymin>
      <xmax>570</xmax>
      <ymax>636</ymax>
    </bndbox>
  </object>
</annotation>
